{"metadata":{"asset_id":"9b893866-4582-4085-ba57-d0e85ee9d73f","asset_attributes":["data_asset"],"name":"jfk_weather.csv","asset_type":"data_asset","created_at":"2020-09-02T16:33:40Z","description":"","origin_country":"us","owner_id":"IBMid-550004VR8W","project_id":"8d035c2a-88a1-4254-9614-d4d845c5655c","size":29961606,"tags":[],"usage":{"last_update_time":1599064421945,"last_updated_at":"2020-09-02T16:33:41Z"}},"entity":{"data_asset":{"mime_type":"text/csv","dataset":false}},"attachments":[{"id":"3616791a-3152-46f2-97e9-aec58fa0c66e","version":2,"asset_type":"data_asset","name":"jfk_weather.csv","mime":"text/csv","datasource_type":"193a97c1-4475-4a19-b90c-295c4fdc6517","object_key":"jfk_weather.csv","creator_id":"iam-ServiceId-f49c5558-c247-4983-a04f-7d3c7a3d55da","create_time":1599064421822,"size":29961606,"is_remote":false,"is_managed":false,"is_referenced":true,"is_object_key_read_only":false,"is_user_provided_path_key":true,"transfer_complete":true,"is_partitioned":false,"complete_time_ticks":1599064421822,"user_data":{},"test_doc":0,"handle":{"bucket":"daxweatherproject-donotdelete-pr-s3mun4xqsolhox","location":"us-geo","key":"jfk_weather.csv","upload_id":"done","max_part_num":1},"usage":{"access_count":0,"last_accessor_id":"iam-ServiceId-f49c5558-c247-4983-a04f-7d3c7a3d55da","last_access_time":1599064421822}}]}
